{"cameraMode":{"drawMode":0,"name":"Shaded","section":"Shading Mode"},"sceneLighting":true,"audioPlay":false,"sceneViewState":{"showFog":true,"showMaterialUpdate":false,"showSkybox":true,"showFlares":true,"showImageEffects":true,"showParticleSystems":true},"in2DMode":false,"pivot":{"x":-241.8841552734375,"y":104.90855407714844,"z":246.09832763671876},"rotation":{"x":-0.15048766136169434,"y":0.3916739523410797,"z":-0.06510215997695923,"w":-0.9053773880004883},"size":3.44869327545166,"orthographic":false}